CREATE DATABASE IF NOT EXISTS wereldwijnen;
USE wereldwijnen;

DROP TABLE IF EXISTS landen;
CREATE TABLE landen (
  id int unsigned NOT NULL,
  naam varchar(50) NOT NULL,
  versie int unsigned not null default 0,
  PRIMARY KEY (id) USING BTREE,
  UNIQUE KEY Land(naam) USING BTREE
) ENGINE=InnoDB DEFAULT CHARSET=latin1;

INSERT INTO landen(id,naam) VALUES 
 (1,'Australië'),
 (2,'Bulgarije'),
 (4,'Duitsland'),
 (5,'Frankrijk'),
 (6,'Italië'),
 (7,'Oostenrijk'),
 (8,'Portugal'),
 (9,'Spanje'),
 (3,'Verenigde Staten'),
 (10,'Zuid-Afrika');

DROP TABLE IF EXISTS soorten;
CREATE TABLE soorten(
  id int unsigned NOT NULL AUTO_INCREMENT,
  naam varchar(50) NOT NULL,
  landid int unsigned NOT NULL,
  versie int unsigned not null default 0,
  PRIMARY KEY (id) USING BTREE,
  KEY FK_soorten_landen(landid) USING BTREE,
  CONSTRAINT FK_soorten_landen FOREIGN KEY (landid) REFERENCES landen(id)
) ENGINE=InnoDB AUTO_INCREMENT=98 DEFAULT CHARSET=latin1;

INSERT INTO soorten(id,naam,landid) VALUES 
 (1,'Chardonnay',1),
 (2,'Shiraz',1),
 (3,'Cabernet Sauvignon',2),
 (4,'Ahr',4),
 (5,'Baden',4),
 (6,'Franken',4),
 (7,'Hessische Bergstrasse',4),
 (8,'Mittelrhein',4),
 (9,'Mosel Saar Ruwer',4),
 (10,'Nahe',4),
 (11,'Pfalz',4),
 (12,'Rheingau',4),
 (13,'Rheinhessen',4),
 (14,'Sachsen, Saale-Unstrut',4),
 (15,'Bordeaux rood',5),
 (16,'Bordeaux wit',5),
 (17,'Sauternes, Barsac, en andere likeurwijnen',5),
 (18,'Bourgogne rood',5),
 (19,'Bourgogne wit',5),
 (20,'Beaujolais',5),
 (21,'Champagne',5),
 (22,'Cotes du Rhone',5),
 (23,'Elzas',5),
 (24,'Languedoc-Roussillon, rood',5),
 (25,'Languedoc-Roussillon, wit, rosé',5),
 (26,'Loire, rood',5),
 (27,'Pouilly sur Loire, Sancerre',5),
 (28,'Anjou, likeurwijnen',5),
 (29,'Muscadet',5),
 (30,'Provence, Corsica, Cote d\'Azur, rood',5),
 (31,'Provence, Corsica, Cote d\'Azur, wit, rosé',5),
 (32,'Savoie, Jura, rood',5),
 (33,'Savoie, Jura, wit, rosé',5),
 (34,'Touraine',5),
 (35,'Zuid-West Frankrijk, rood',5),
 (36,'Zuid-West Frankrijk, wit, rosé',5),
 (37,'Chardonnay',2),
 (38,'Chardonnay',3),
 (39,'Cabernet Sauvignon',3),
 (40,'Abruzzen',6),
 (41,'Apilia',6),
 (42,'Basilicata',6),
 (43,'Calabria',6),
 (44,'Campania',6),
 (45,'Emilia-Romagna',6),
 (46,'Friuli',6),
 (47,'Latium',6),
 (48,'Liguria',6),
 (49,'Lombardije',6),
 (50,'De Marken',6),
 (51,'Piemonte',6),
 (52,'Sardinia',6),
 (53,'Sicilia',6),
 (54,'Trentino-Alto-Adige',6),
 (55,'Toscane',6),
 (56,'Veneto',6),
 (57,'Burgerland wit',7),
 (58,'Burgerland rood',7),
 (59,'Burgerland zoet',7),
 (60,'Niederostereich',7),
 (61,'Steiermark',7),
 (63,'Alentejo',8),
 (64,'Beiras',8),
 (65,'Estremadura',8),
 (66,'Terras do Sado',8),
 (67,'Tra¡s-os-Montes (Douro)',8),
 (68,'Ribatejo',8),
 (69,'Rios do Minho (Vinho Verde)',8),
 (70,'Alella',9),
 (71,'Alicante',9),
 (72,'Almansa',9),
 (73,'Costa Brava',9),
 (74,'Campo de Borja',9),
 (75,'Cariaena',9),
 (76,'Jumilla',9),
 (77,'La Mancha',9),
 (78,'Mentrida',9),
 (79,'Navarra',9),
 (80,'Penedes',9),
 (81,'Priorato',9),
 (82,'Ribera Del Duero',9),
 (83,'Rioja',9),
 (84,'Rueda',9),
 (85,'Somontano',9),
 (86,'Tarragona',9),
 (87,'Toro',9),
 (88,'Utiel-Requena',9),
 (89,'Valdepeaas',9),
 (90,'Valencia',9),
 (91,'Yecla',9),
 (92,'Chardonnay',10),
 (93,'Cabernet Sauvignon',10),
 (94,'Pinotage',10),
 (95,'Sauvignon',10),
 (96,'Shiraz',10),
 (97,'Steen',10);

DROP TABLE IF EXISTS wijnen;
CREATE TABLE wijnen (
  id int unsigned NOT NULL AUTO_INCREMENT,
  soortid int unsigned NOT NULL,
  jaar smallint unsigned NOT NULL,
  beoordeling tinyint unsigned NOT NULL,
  prijs decimal(9,2) NOT NULL,
  inBestelling int unsigned NOT NULL,
  versie int unsigned not null default 0,
  PRIMARY KEY (id) USING BTREE,
  KEY FK_wijnen_soorten(soortid) USING BTREE,
  CONSTRAINT FK_wijnen_soorten FOREIGN KEY (soortid) REFERENCES soorten(id)
) ENGINE=InnoDB AUTO_INCREMENT=1410 DEFAULT CHARSET=latin1;

INSERT INTO wijnen(id,soortid,jaar,beoordeling,prijs,inBestelling) VALUES 
 (1,1,1982,3,'7.98',0),
 (2,1,1983,2,'5.97',0),
 (3,1,1984,3,'6.96',0),
 (4,1,1985,3,'6.96',0),
 (5,1,1986,4,'8.97',0),
 (6,1,1987,3,'6.96',0),
 (7,1,1988,3,'6.96',0),
 (8,1,1990,5,'8.97',0),
 (9,1,1991,3,'6.96',0),
 (10,1,1992,4,'8.97',0),
 (11,1,1993,3,'7.98',0),
 (12,1,1994,4,'8.97',0),
 (13,1,1995,4,'8.97',0),
 (14,1,1996,4,'8.97',0),
 (15,1,1997,4,'8.97',0),
 (16,2,1981,2,'5.97',0),
 (17,2,1982,3,'7.98',0),
 (18,2,1983,3,'7.98',0),
 (19,2,1984,4,'8.97',0),
 (20,2,1985,3,'6.96',0),
 (21,2,1986,4,'8.97',0),
 (22,2,1987,3,'6.96',0),
 (23,2,1988,3,'7.98',0),
 (24,2,1989,3,'7.98',0),
 (25,2,1990,5,'8.97',0),
 (26,2,1991,4,'8.97',0),
 (27,2,1992,3,'6.96',0),
 (28,2,1993,3,'6.96',0),
 (29,2,1994,4,'7.98',0),
 (30,2,1995,4,'7.98',0),
 (31,2,1996,4,'8.97',0),
 (32,2,1997,5,'9.97',0),
 (33,3,1985,5,'8.97',0),
 (34,3,1986,4,'7.98',0),
 (35,3,1987,3,'6.96',0),
 (36,3,1988,5,'8.97',0),
 (37,3,1989,5,'9.97',0),
 (38,3,1990,5,'8.97',0),
 (39,3,1991,4,'8.97',0),
 (40,3,1992,4,'7.98',0),
 (41,3,1993,3,'6.96',0),
 (42,3,1994,4,'7.98',0),
 (43,3,1995,5,'8.97',0),
 (44,3,1996,4,'7.98',0),
 (45,3,1997,3,'6.96',0),
 (46,4,1981,2,'5.97',0),
 (47,4,1982,3,'6.96',0),
 (48,4,1983,4,'7.98',0),
 (49,4,1984,1,'4.99',0),
 (50,4,1985,3,'6.96',0),
 (51,4,1986,2,'5.97',0),
 (52,4,1987,2,'5.97',0),
 (53,4,1988,5,'8.97',0),
 (54,4,1989,4,'7.98',0),
 (55,4,1990,5,'8.97',0),
 (56,4,1991,1,'4.00',0),
 (57,4,1992,4,'7.98',0),
 (58,4,1993,5,'8.97',0),
 (59,4,1994,4,'7.98',0),
 (60,4,1995,5,'8.97',0),
 (61,4,1996,3,'5.97',0),
 (62,4,1997,4,'7.98',0),
 (63,5,1981,3,'6.96',0),
 (64,5,1982,2,'4.99',0),
 (65,5,1983,4,'7.98',0),
 (66,5,1984,2,'5.97',0),
 (67,5,1985,5,'8.97',0),
 (68,5,1986,3,'6.96',0),
 (69,5,1987,3,'5.97',0),
 (70,5,1988,4,'7.98',0),
 (71,5,1989,4,'7.98',0),
 (72,5,1990,5,'8.97',0),
 (73,5,1991,2,'4.99',0),
 (74,5,1992,4,'7.98',0),
 (75,5,1993,5,'8.97',0),
 (76,5,1994,3,'5.97',0),
 (77,5,1995,3,'6.96',0),
 (78,5,1996,4,'7.98',0),
 (79,5,1997,5,'8.97',0),
 (80,6,1981,4,'8.97',0),
 (81,6,1982,2,'5.97',0),
 (82,6,1983,3,'6.96',0),
 (83,6,1984,2,'4.99',0),
 (84,6,1985,4,'7.98',0),
 (85,6,1986,3,'6.96',0),
 (86,6,1987,2,'5.97',0),
 (87,6,1988,5,'9.97',0),
 (88,6,1989,3,'5.97',0),
 (89,6,1990,5,'8.97',0),
 (90,6,1991,2,'5.97',0),
 (91,6,1992,5,'8.97',0),
 (92,6,1993,5,'9.97',0),
 (93,6,1994,4,'7.98',0),
 (94,6,1995,3,'5.97',0),
 (95,6,1996,4,'7.98',0),
 (96,6,1997,4,'7.98',0),
 (97,7,1981,4,'7.98',0),
 (98,7,1982,2,'5.97',0),
 (99,7,1983,3,'6.96',0),
 (100,7,1984,1,'4.99',0),
 (101,7,1985,4,'7.98',0),
 (102,7,1986,4,'7.98',0),
 (103,7,1987,3,'6.96',0),
 (104,7,1988,5,'8.97',0),
 (105,7,1989,5,'8.97',0),
 (106,7,1990,5,'8.97',0),
 (107,7,1991,2,'5.97',0),
 (108,7,1992,5,'8.97',0),
 (109,7,1993,5,'8.97',0),
 (110,7,1994,4,'7.98',0),
 (111,7,1995,3,'6.96',0),
 (112,7,1997,5,'9.97',0),
 (113,8,1981,3,'6.96',0),
 (114,8,1982,2,'4.99',0),
 (115,8,1983,3,'6.96',0),
 (116,8,1984,1,'4.00',0),
 (117,8,1985,5,'8.97',0),
 (118,8,1986,2,'5.97',0),
 (119,8,1987,2,'5.97',0),
 (120,8,1988,5,'8.97',0),
 (121,8,1989,5,'8.97',0),
 (122,8,1990,5,'8.97',0),
 (123,8,1991,3,'6.96',0),
 (124,8,1992,5,'8.97',0),
 (125,8,1993,5,'8.97',0),
 (126,8,1994,4,'7.98',0),
 (127,8,1995,3,'6.96',0),
 (128,8,1996,4,'7.98',0),
 (129,8,1997,4,'7.98',0),
 (130,9,1981,2,'4.99',0),
 (131,9,1982,3,'6.96',0),
 (132,9,1983,4,'7.98',0),
 (133,9,1984,1,'4.00',0),
 (134,9,1985,3,'6.96',0),
 (135,9,1986,2,'5.97',0),
 (136,9,1987,2,'4.99',0),
 (137,9,1988,5,'8.97',0),
 (138,9,1989,4,'7.98',0),
 (139,9,1990,5,'8.97',0),
 (140,9,1991,2,'5.97',0),
 (141,9,1992,4,'7.98',0),
 (142,9,1993,5,'9.97',0),
 (143,9,1994,4,'7.98',0),
 (144,9,1995,5,'8.97',0),
 (145,9,1996,4,'7.98',0),
 (146,9,1997,5,'8.97',0),
 (147,10,1981,3,'6.96',0),
 (148,10,1982,2,'5.97',0),
 (149,10,1983,4,'7.98',0),
 (150,10,1984,2,'5.97',0),
 (151,10,1985,5,'8.97',0),
 (152,10,1986,2,'4.99',0),
 (153,10,1987,2,'5.97',0),
 (154,10,1988,5,'8.97',0),
 (155,10,1989,5,'8.97',0),
 (156,10,1990,4,'6.96',0),
 (157,10,1991,2,'4.99',0),
 (158,10,1992,5,'8.97',0),
 (159,10,1993,5,'8.97',0),
 (160,10,1994,4,'7.98',0),
 (161,10,1995,4,'6.96',0),
 (162,10,1996,4,'7.98',0),
 (163,10,1997,4,'7.98',0),
 (164,11,1981,3,'6.96',0),
 (165,11,1982,2,'4.99',0),
 (166,11,1983,3,'6.96',0),
 (167,11,1984,1,'4.00',0),
 (168,11,1985,4,'7.98',0),
 (169,11,1986,3,'6.96',0),
 (170,11,1987,2,'4.99',0),
 (171,11,1988,4,'7.98',0),
 (172,11,1989,5,'9.97',0),
 (173,11,1990,5,'8.97',0),
 (174,11,1991,2,'4.99',0),
 (175,11,1992,4,'8.97',0),
 (176,11,1993,5,'8.97',0),
 (177,11,1994,3,'5.97',0),
 (178,11,1995,3,'6.96',0),
 (179,11,1996,4,'7.98',0),
 (180,11,1997,4,'7.98',0),
 (181,12,1981,3,'6.96',0),
 (182,12,1982,2,'4.99',0),
 (183,12,1983,3,'6.96',0),
 (184,12,1984,1,'4.00',0),
 (185,12,1985,5,'8.97',0),
 (186,12,1986,2,'4.99',0),
 (187,12,1987,2,'5.97',0),
 (188,12,1988,5,'8.97',0),
 (189,12,1989,5,'9.97',0),
 (190,12,1990,5,'8.97',0),
 (191,12,1991,3,'6.96',0),
 (192,12,1992,5,'8.97',0),
 (193,12,1993,5,'8.97',0),
 (194,12,1994,4,'7.98',0),
 (195,12,1995,3,'6.96',0),
 (196,12,1996,4,'7.98',0),
 (197,12,1997,5,'8.97',0),
 (198,13,1981,4,'7.98',0),
 (199,13,1982,2,'5.97',0),
 (200,13,1983,3,'6.96',0),
 (201,13,1984,1,'4.99',0),
 (202,13,1985,4,'7.98',0),
 (203,13,1986,4,'7.98',0),
 (204,13,1987,3,'6.96',0),
 (205,13,1988,5,'8.97',0),
 (206,13,1989,5,'9.97',0),
 (207,13,1990,5,'8.97',0),
 (208,13,1991,2,'4.99',0),
 (209,13,1992,5,'8.97',0),
 (210,13,1993,5,'9.97',0),
 (211,13,1994,3,'6.96',0),
 (212,13,1995,3,'5.97',0),
 (213,13,1996,4,'8.97',0),
 (214,13,1997,5,'8.97',0),
 (215,14,1992,3,'6.96',0),
 (216,14,1993,4,'7.98',0),
 (217,14,1994,3,'6.96',0),
 (218,14,1995,3,'6.96',0),
 (219,15,1981,3,'8.97',0),
 (220,15,1982,5,'9.97',0),
 (221,15,1983,3,'7.98',0),
 (222,15,1984,2,'6.96',0),
 (223,15,1985,4,'8.97',0),
 (224,15,1986,4,'8.97',0),
 (225,15,1987,3,'7.98',0),
 (226,15,1988,5,'9.97',0),
 (227,15,1989,4,'9.97',0),
 (228,15,1990,5,'9.97',0),
 (229,15,1991,2,'6.96',0),
 (230,15,1992,2,'5.97',0),
 (231,15,1993,3,'7.98',0),
 (232,15,1994,3,'7.98',0),
 (233,15,1995,4,'8.97',0),
 (234,15,1996,4,'8.97',0),
 (235,15,1997,3,'7.98',0),
 (236,16,1981,2,'6.96',0),
 (237,16,1982,3,'7.98',0),
 (238,16,1983,3,'7.98',0),
 (239,16,1984,2,'6.96',0),
 (240,16,1985,4,'9.97',0),
 (241,16,1986,4,'8.97',0),
 (242,16,1987,3,'7.98',0),
 (243,16,1988,5,'10.96',0),
 (244,16,1989,3,'7.98',0),
 (245,16,1990,5,'9.97',0),
 (246,16,1991,3,'7.98',0),
 (247,16,1992,4,'9.97',0),
 (248,16,1993,4,'8.97',0),
 (249,16,1994,3,'7.98',0),
 (250,16,1995,2,'6.96',0),
 (251,16,1996,4,'9.97',0),
 (252,16,1997,2,'5.97',0),
 (253,17,1981,4,'8.97',0),
 (254,17,1982,3,'7.98',0),
 (255,17,1983,4,'9.97',0),
 (256,17,1984,2,'5.97',0),
 (257,17,1985,3,'7.98',0),
 (258,17,1986,3,'7.98',0),
 (259,17,1987,2,'5.97',0),
 (260,17,1988,5,'10.96',0),
 (261,17,1989,4,'8.97',0),
 (262,17,1990,5,'9.97',0),
 (263,17,1991,1,'5.97',0),
 (264,17,1992,1,'4.99',0),
 (265,17,1993,1,'5.97',0),
 (266,17,1994,5,'10.96',0),
 (267,17,1995,2,'6.96',0),
 (268,17,1996,4,'8.97',0),
 (269,17,1997,4,'9.97',0),
 (270,18,1981,2,'6.96',0),
 (271,18,1982,3,'7.98',0),
 (272,18,1983,3,'7.98',0),
 (273,18,1984,3,'7.98',0),
 (274,18,1985,4,'8.97',0),
 (275,18,1986,4,'9.97',0),
 (276,18,1987,3,'8.97',0),
 (277,18,1988,5,'9.97',0),
 (278,18,1989,4,'8.97',0),
 (279,18,1990,4,'8.97',0),
 (280,18,1991,3,'7.98',0),
 (281,18,1992,3,'7.98',0),
 (282,18,1993,3,'7.98',0),
 (283,18,1994,3,'7.98',0),
 (284,18,1995,4,'9.97',0),
 (285,18,1996,5,'10.96',0),
 (286,18,1997,3,'7.98',0),
 (287,19,1981,3,'7.98',0),
 (288,19,1982,3,'7.98',0),
 (289,19,1983,3,'7.98',0),
 (290,19,1984,3,'7.98',0),
 (291,19,1985,4,'8.97',0),
 (292,19,1986,5,'9.97',0),
 (293,19,1987,3,'7.98',0),
 (294,19,1988,3,'7.98',0),
 (295,19,1989,4,'8.97',0),
 (296,19,1990,4,'9.97',0),
 (297,19,1991,3,'7.98',0),
 (298,19,1992,4,'9.97',0),
 (299,19,1993,3,'6.96',0),
 (300,19,1994,3,'7.98',0),
 (301,19,1995,3,'7.98',0),
 (302,19,1996,4,'9.97',0),
 (303,19,1997,4,'8.97',0),
 (304,20,1981,3,'7.98',0),
 (305,20,1982,3,'7.98',0),
 (306,20,1983,5,'9.97',0),
 (307,20,1984,2,'5.97',0),
 (308,20,1985,4,'8.97',0),
 (309,20,1986,3,'7.98',0),
 (310,20,1987,3,'7.98',0),
 (311,20,1988,5,'9.97',0),
 (312,20,1989,3,'7.98',0),
 (313,20,1990,4,'8.97',0),
 (314,20,1991,5,'9.97',0),
 (315,20,1992,4,'8.97',0),
 (316,20,1993,3,'7.98',0),
 (317,20,1994,3,'7.98',0),
 (318,20,1995,4,'8.97',0),
 (319,20,1996,4,'8.97',0),
 (320,20,1997,4,'8.97',0),
 (321,21,1985,4,'9.97',0),
 (322,21,1986,3,'7.98',0),
 (323,21,1987,2,'5.97',0),
 (324,21,1988,4,'9.97',0),
 (325,21,1989,4,'8.97',0),
 (326,21,1990,4,'8.97',0),
 (327,21,1991,4,'9.97',0),
 (328,21,1992,4,'8.97',0),
 (329,21,1993,3,'7.98',0),
 (330,21,1994,3,'7.98',0),
 (331,21,1995,4,'8.97',0),
 (332,21,1996,4,'8.97',0),
 (333,21,1997,4,'9.97',0),
 (334,22,1981,3,'8.97',0),
 (335,22,1982,2,'5.97',0),
 (336,22,1983,3,'7.98',0),
 (337,22,1984,2,'6.96',0),
 (338,22,1985,3,'7.98',0),
 (339,22,1986,3,'7.98',0),
 (340,22,1987,2,'6.96',0),
 (341,22,1988,4,'9.97',0),
 (342,22,1989,3,'7.98',0),
 (343,22,1990,5,'9.97',0),
 (344,22,1991,3,'7.98',0),
 (345,22,1992,2,'6.96',0),
 (346,22,1993,3,'7.98',0),
 (347,22,1994,3,'7.98',0),
 (348,22,1995,4,'8.97',0),
 (349,22,1996,4,'9.97',0),
 (350,22,1997,3,'7.98',0),
 (351,23,1981,4,'8.97',0),
 (352,23,1982,3,'7.98',0),
 (353,23,1983,5,'10.96',0),
 (354,23,1984,2,'6.96',0),
 (355,23,1985,5,'10.96',0),
 (356,23,1986,4,'8.97',0),
 (357,23,1987,2,'5.97',0),
 (358,23,1988,5,'9.97',0),
 (359,23,1989,5,'10.96',0),
 (360,23,1990,5,'9.97',0),
 (361,23,1991,5,'9.97',0),
 (362,23,1992,4,'8.97',0),
 (363,23,1993,3,'7.98',0),
 (364,23,1994,3,'7.98',0),
 (365,23,1995,3,'7.98',0),
 (366,23,1996,4,'9.97',0),
 (367,23,1997,4,'8.97',0),
 (368,24,1988,4,'9.97',0),
 (369,24,1989,3,'7.98',0),
 (370,24,1990,3,'7.98',0),
 (371,24,1991,3,'7.98',0),
 (372,24,1992,2,'6.96',0),
 (373,24,1993,4,'8.97',0),
 (374,24,1994,4,'8.97',0),
 (375,24,1995,4,'8.97',0),
 (376,24,1996,4,'8.97',0),
 (377,24,1997,3,'7.98',0),
 (378,25,1988,3,'6.96',0),
 (379,25,1989,3,'7.98',0),
 (380,25,1990,3,'6.96',0),
 (381,25,1991,3,'7.98',0),
 (382,25,1992,2,'5.97',0),
 (383,25,1993,4,'8.97',0),
 (384,25,1994,3,'6.96',0),
 (385,25,1995,4,'8.97',0),
 (386,25,1996,4,'8.97',0),
 (387,25,1997,3,'7.98',0),
 (388,26,1985,4,'9.97',0),
 (389,26,1986,3,'7.98',0),
 (390,26,1987,2,'6.96',0),
 (391,26,1988,4,'8.97',0),
 (392,26,1989,4,'8.97',0),
 (393,26,1990,4,'8.97',0),
 (394,26,1991,3,'8.97',0),
 (395,26,1992,3,'7.98',0),
 (396,26,1993,3,'7.98',0),
 (397,26,1994,3,'7.98',0),
 (398,26,1995,4,'8.97',0),
 (399,26,1996,4,'9.97',0),
 (400,26,1997,5,'9.97',0),
 (401,27,1984,4,'8.97',0),
 (402,27,1985,4,'8.97',0),
 (403,27,1986,4,'9.97',0),
 (404,27,1987,3,'8.97',0),
 (405,27,1988,4,'8.97',0),
 (406,27,1989,5,'9.97',0),
 (407,27,1990,4,'8.97',0),
 (408,27,1991,3,'7.98',0),
 (409,27,1992,4,'9.97',0),
 (410,27,1993,2,'6.96',0),
 (411,27,1994,2,'6.96',0),
 (412,27,1995,3,'8.97',0),
 (413,27,1996,4,'8.97',0),
 (414,27,1997,3,'7.98',0),
 (415,28,1981,3,'7.98',0),
 (416,28,1982,4,'9.97',0),
 (417,28,1983,4,'9.97',0),
 (418,28,1984,3,'7.98',0),
 (419,28,1985,4,'8.97',0),
 (420,28,1986,4,'9.97',0),
 (421,28,1987,3,'7.98',0),
 (422,28,1988,4,'8.97',0),
 (423,28,1989,5,'9.97',0),
 (424,28,1990,4,'8.97',0),
 (425,28,1991,3,'8.97',0),
 (426,28,1992,3,'7.98',0),
 (427,28,1993,2,'5.97',0),
 (428,28,1994,2,'6.96',0),
 (429,28,1995,3,'7.98',0),
 (430,28,1996,4,'8.97',0),
 (431,28,1997,5,'10.96',0),
 (432,29,1987,3,'7.98',0),
 (433,29,1988,4,'8.97',0),
 (434,29,1989,4,'8.97',0),
 (435,29,1990,4,'9.97',0),
 (436,29,1991,3,'7.98',0),
 (437,29,1992,3,'7.98',0),
 (438,29,1993,3,'7.98',0),
 (439,29,1994,2,'5.97',0),
 (440,29,1995,3,'7.98',0),
 (441,29,1996,4,'9.97',0),
 (442,29,1997,5,'9.97',0),
 (443,30,1985,4,'8.97',0),
 (444,30,1986,2,'5.97',0),
 (445,30,1987,2,'6.96',0),
 (446,30,1988,3,'7.98',0),
 (447,30,1989,2,'6.96',0),
 (448,30,1990,4,'8.97',0),
 (449,30,1991,2,'5.97',0),
 (450,30,1992,2,'6.96',0),
 (451,30,1993,3,'7.98',0),
 (452,30,1994,4,'8.97',0),
 (453,30,1995,3,'6.96',0),
 (454,30,1996,3,'7.98',0),
 (455,30,1997,3,'7.98',0),
 (456,31,1987,3,'7.98',0),
 (457,31,1988,3,'7.98',0),
 (458,31,1989,2,'6.96',0),
 (459,31,1990,3,'7.98',0),
 (460,31,1991,1,'4.99',0),
 (461,31,1992,2,'5.97',0),
 (462,31,1993,3,'8.97',0),
 (463,31,1994,3,'8.97',0),
 (464,31,1995,3,'7.98',0),
 (465,31,1996,3,'7.98',0),
 (466,31,1997,3,'7.98',0),
 (467,32,1985,4,'8.97',0),
 (468,32,1986,3,'7.98',0),
 (469,32,1987,2,'6.96',0),
 (470,32,1988,4,'8.97',0),
 (471,32,1989,4,'9.97',0),
 (472,32,1990,4,'8.97',0),
 (473,32,1991,3,'7.98',0),
 (474,32,1992,4,'8.97',0),
 (475,32,1993,3,'7.98',0),
 (476,32,1994,3,'7.98',0),
 (477,32,1995,4,'8.97',0),
 (478,32,1996,4,'9.97',0),
 (479,32,1997,3,'7.98',0),
 (480,33,1987,4,'9.97',0),
 (481,33,1988,3,'7.98',0),
 (482,33,1989,4,'9.97',0),
 (483,33,1990,5,'9.97',0),
 (484,33,1991,4,'8.97',0),
 (485,33,1992,3,'7.98',0),
 (486,33,1993,3,'7.98',0),
 (487,33,1994,3,'7.98',0),
 (488,33,1995,4,'9.97',0),
 (489,33,1996,4,'8.97',0),
 (490,33,1997,3,'7.98',0),
 (491,34,1987,3,'7.98',0),
 (492,34,1988,4,'8.97',0),
 (493,34,1989,4,'8.97',0),
 (494,34,1990,4,'9.97',0),
 (495,34,1991,3,'7.98',0),
 (496,34,1992,3,'7.98',0),
 (497,34,1993,2,'6.96',0),
 (498,34,1994,2,'6.96',0),
 (499,34,1995,3,'7.98',0),
 (500,34,1996,4,'8.97',0),
 (501,34,1997,4,'9.97',0),
 (502,35,1986,3,'7.98',0),
 (503,35,1987,2,'6.96',0),
 (504,35,1988,4,'8.97',0),
 (505,35,1989,4,'8.97',0),
 (506,35,1990,3,'6.96',0),
 (507,35,1991,2,'6.96',0),
 (508,35,1992,3,'7.98',0),
 (509,35,1993,3,'7.98',0),
 (510,35,1994,3,'7.98',0),
 (511,35,1995,3,'7.98',0),
 (512,35,1996,4,'9.97',0),
 (513,35,1997,3,'7.98',0),
 (514,36,1986,3,'7.98',0),
 (515,36,1987,3,'8.97',0),
 (516,36,1988,3,'7.98',0),
 (517,36,1989,4,'8.97',0),
 (518,36,1990,4,'8.97',0),
 (519,36,1991,2,'5.97',0),
 (520,36,1992,2,'6.96',0),
 (521,36,1993,3,'8.97',0),
 (522,36,1994,3,'7.98',0),
 (523,36,1995,3,'7.98',0),
 (524,36,1996,3,'7.98',0),
 (525,36,1997,3,'7.98',0),
 (526,37,1990,3,'6.96',0),
 (527,37,1991,3,'5.97',0),
 (528,37,1992,4,'7.98',0),
 (529,37,1993,4,'7.98',0),
 (530,37,1994,4,'7.98',0),
 (531,37,1995,4,'7.98',0),
 (532,37,1996,3,'5.97',0),
 (533,37,1997,3,'6.96',0),
 (534,38,1981,3,'7.98',0),
 (535,38,1982,2,'5.97',0),
 (536,38,1983,3,'6.96',0),
 (537,38,1984,3,'6.96',0),
 (538,38,1985,4,'8.97',0),
 (539,38,1986,4,'8.97',0),
 (540,38,1987,3,'6.96',0),
 (541,38,1988,3,'7.98',0),
 (542,38,1989,3,'7.98',0),
 (543,38,1990,4,'8.97',0),
 (544,38,1991,3,'6.96',0),
 (545,38,1992,4,'8.97',0),
 (546,38,1993,3,'6.96',0),
 (547,38,1994,4,'8.97',0),
 (548,38,1995,5,'8.97',0),
 (549,38,1996,4,'8.97',0),
 (550,38,1997,4,'8.97',0),
 (551,39,1981,3,'7.98',0),
 (552,39,1982,2,'6.96',0),
 (553,39,1983,3,'6.96',0),
 (554,39,1984,5,'9.97',0),
 (555,39,1985,5,'9.97',0),
 (556,39,1986,5,'9.97',0),
 (557,39,1987,4,'8.97',0),
 (558,39,1988,3,'7.98',0),
 (559,39,1989,3,'6.96',0),
 (560,39,1990,4,'8.97',0),
 (561,39,1991,3,'7.98',0),
 (562,39,1992,4,'7.98',0),
 (563,39,1993,3,'7.98',0),
 (564,39,1994,5,'9.97',0),
 (565,39,1995,5,'9.97',0),
 (566,39,1996,4,'8.97',0),
 (567,39,1997,4,'8.97',0),
 (568,40,1981,2,'5.97',0),
 (569,40,1982,4,'8.97',0),
 (570,40,1983,3,'6.96',0),
 (571,40,1984,1,'4.99',0),
 (572,40,1985,4,'7.98',0),
 (573,40,1986,3,'6.96',0),
 (574,40,1987,2,'5.97',0),
 (575,40,1988,2,'6.96',0),
 (576,40,1989,3,'7.98',0),
 (577,40,1990,3,'6.96',0),
 (578,40,1991,2,'5.97',0),
 (579,40,1992,2,'5.97',0),
 (580,40,1993,3,'6.96',0),
 (581,40,1994,3,'7.98',0),
 (582,40,1995,3,'6.96',0),
 (583,40,1996,3,'6.96',0),
 (584,40,1997,3,'7.98',0),
 (585,41,1981,3,'6.96',0),
 (586,41,1982,4,'8.97',0),
 (587,41,1983,3,'6.96',0),
 (588,41,1984,1,'4.99',0),
 (589,41,1985,4,'8.97',0),
 (590,41,1986,2,'5.97',0),
 (591,41,1987,2,'5.97',0),
 (592,41,1988,4,'8.97',0),
 (593,41,1989,3,'7.98',0),
 (594,41,1990,3,'6.96',0),
 (595,41,1991,3,'7.98',0),
 (596,41,1992,3,'6.96',0),
 (597,41,1993,3,'7.98',0),
 (598,41,1994,3,'6.96',0),
 (599,41,1995,3,'7.98',0),
 (600,41,1996,3,'6.96',0),
 (601,41,1997,5,'9.97',0),
 (602,42,1981,3,'6.96',0),
 (603,42,1982,2,'6.96',0),
 (604,42,1983,1,'4.99',0),
 (605,42,1984,2,'5.97',0),
 (606,42,1985,3,'6.96',0),
 (607,42,1986,3,'7.98',0),
 (608,42,1987,2,'5.97',0),
 (609,42,1988,4,'8.97',0),
 (610,42,1989,3,'6.96',0),
 (611,42,1990,3,'7.98',0),
 (612,42,1991,3,'6.96',0),
 (613,42,1992,3,'7.98',0),
 (614,42,1993,3,'6.96',0),
 (615,42,1994,3,'7.98',0),
 (616,42,1995,3,'6.96',0),
 (617,42,1996,3,'7.98',0),
 (618,42,1997,3,'6.96',0),
 (619,43,1981,4,'8.97',0),
 (620,43,1982,4,'7.98',0),
 (621,43,1983,3,'6.96',0),
 (622,43,1984,2,'5.97',0),
 (623,43,1985,4,'8.97',0),
 (624,43,1986,4,'8.97',0),
 (625,43,1987,2,'5.97',0),
 (626,43,1988,4,'8.97',0),
 (627,43,1989,3,'7.98',0),
 (628,43,1990,3,'6.96',0),
 (629,43,1991,2,'5.97',0),
 (630,43,1992,3,'6.96',0),
 (631,43,1994,3,'6.96',0),
 (632,43,1995,3,'6.96',0),
 (633,43,1996,3,'7.98',0),
 (634,43,1997,3,'6.96',0),
 (635,44,1981,3,'7.98',0),
 (636,44,1982,4,'8.97',0),
 (637,44,1983,3,'6.96',0),
 (638,44,1984,1,'4.99',0),
 (639,44,1985,4,'7.98',0),
 (640,44,1986,4,'8.97',0),
 (641,44,1987,2,'5.97',0),
 (642,44,1988,3,'6.96',0),
 (643,44,1989,4,'7.98',0),
 (644,44,1990,3,'7.98',0),
 (645,44,1991,2,'5.97',0),
 (646,44,1992,3,'7.98',0),
 (647,44,1993,3,'6.96',0),
 (648,44,1994,4,'8.97',0),
 (649,44,1995,3,'7.98',0),
 (650,44,1996,3,'6.96',0),
 (651,44,1997,5,'9.97',0),
 (652,45,1981,2,'6.96',0),
 (653,45,1982,3,'6.96',0),
 (654,45,1983,4,'8.97',0),
 (655,45,1985,3,'6.96',0),
 (656,45,1986,4,'8.97',0),
 (657,45,1987,2,'5.97',0),
 (658,45,1988,3,'7.98',0),
 (659,45,1989,3,'6.96',0),
 (660,45,1990,3,'6.96',0),
 (661,45,1991,3,'7.98',0),
 (662,45,1992,3,'6.96',0),
 (663,45,1993,3,'6.96',0),
 (664,45,1994,3,'7.98',0),
 (665,45,1995,2,'5.97',0),
 (666,45,1996,3,'6.96',0),
 (667,45,1997,5,'9.97',0),
 (668,46,1981,2,'5.97',0),
 (669,46,1982,4,'8.97',0),
 (670,46,1983,4,'8.97',0),
 (671,46,1984,1,'4.99',0),
 (672,46,1985,4,'8.97',0),
 (673,46,1986,3,'6.96',0),
 (674,46,1987,2,'5.97',0),
 (675,46,1988,3,'7.98',0),
 (676,46,1989,4,'8.97',0),
 (677,46,1990,4,'7.98',0),
 (678,46,1991,3,'6.96',0),
 (679,46,1992,3,'7.98',0),
 (680,46,1993,3,'7.98',0),
 (681,46,1994,3,'6.96',0),
 (682,46,1995,4,'8.97',0),
 (683,46,1996,3,'7.98',0),
 (684,46,1997,4,'8.97',0),
 (685,47,1981,2,'5.97',0),
 (686,47,1982,3,'6.96',0),
 (687,47,1985,2,'6.96',0),
 (688,47,1986,3,'6.96',0),
 (689,47,1987,3,'6.96',0),
 (690,47,1988,3,'6.96',0),
 (691,47,1989,3,'7.98',0),
 (692,47,1990,3,'7.98',0),
 (693,47,1991,2,'5.97',0),
 (694,47,1992,3,'6.96',0),
 (695,47,1993,3,'6.96',0),
 (696,47,1994,3,'6.96',0),
 (697,47,1996,3,'7.98',0),
 (698,47,1997,5,'9.97',0),
 (699,48,1981,1,'4.99',0),
 (700,48,1982,5,'9.97',0),
 (701,48,1983,2,'5.97',0),
 (702,48,1984,1,'4.99',0),
 (703,48,1985,5,'8.97',0),
 (704,48,1986,5,'9.97',0),
 (705,48,1987,3,'7.98',0),
 (706,48,1988,4,'8.97',0),
 (707,48,1989,3,'6.96',0),
 (708,48,1990,3,'6.96',0),
 (709,48,1991,2,'5.97',0),
 (710,48,1992,3,'7.98',0),
 (711,48,1993,3,'7.98',0),
 (712,48,1994,3,'7.98',0),
 (713,48,1995,3,'7.98',0),
 (714,48,1996,3,'6.96',0),
 (715,48,1997,3,'6.96',0),
 (716,49,1981,3,'6.96',0),
 (717,49,1982,4,'8.97',0),
 (718,49,1983,4,'8.97',0),
 (719,49,1984,2,'5.97',0),
 (720,49,1985,5,'9.97',0),
 (721,49,1986,4,'7.98',0),
 (722,49,1987,3,'7.98',0),
 (723,49,1988,2,'5.97',0),
 (724,49,1989,4,'8.97',0),
 (725,49,1990,4,'8.97',0),
 (726,49,1991,5,'9.97',0),
 (727,49,1992,3,'6.96',0),
 (728,49,1993,4,'8.97',0),
 (729,49,1994,3,'6.96',0),
 (730,49,1995,4,'8.97',0),
 (731,49,1996,4,'7.98',0),
 (732,49,1997,3,'6.96',0),
 (733,50,1981,1,'4.00',0),
 (734,50,1982,4,'7.98',0),
 (735,50,1983,3,'6.96',0),
 (736,50,1984,1,'4.00',0),
 (737,50,1985,4,'7.98',0),
 (738,50,1986,3,'6.96',0),
 (739,50,1987,2,'5.97',0),
 (740,50,1988,2,'5.97',0),
 (741,50,1989,3,'6.96',0),
 (742,50,1990,3,'6.96',0),
 (743,50,1991,3,'6.96',0),
 (744,50,1992,2,'5.97',0),
 (745,50,1993,3,'6.96',0),
 (746,50,1994,3,'6.96',0),
 (747,50,1995,3,'6.96',0),
 (748,50,1996,3,'6.96',0),
 (749,50,1997,4,'7.98',0),
 (750,51,1981,1,'4.99',0),
 (751,51,1982,5,'9.97',0),
 (752,51,1983,2,'5.97',0),
 (753,51,1984,2,'5.97',0),
 (754,51,1985,5,'9.97',0),
 (755,51,1986,4,'8.97',0),
 (756,51,1987,3,'6.96',0),
 (757,51,1988,4,'7.98',0),
 (758,51,1989,4,'7.98',0),
 (759,51,1990,4,'7.98',0),
 (760,51,1991,2,'5.97',0),
 (761,51,1992,2,'5.97',0),
 (762,51,1993,3,'7.98',0),
 (763,51,1994,3,'7.98',0),
 (764,51,1995,3,'7.98',0),
 (765,51,1996,4,'8.97',0),
 (766,51,1997,4,'8.97',0),
 (767,52,1981,4,'8.97',0),
 (768,52,1982,4,'7.98',0),
 (769,52,1983,4,'7.98',0),
 (770,52,1984,2,'5.97',0),
 (771,52,1985,1,'4.99',0),
 (772,52,1986,4,'8.97',0),
 (773,52,1987,2,'6.96',0),
 (774,52,1988,2,'5.97',0),
 (775,52,1989,3,'7.98',0),
 (776,52,1990,3,'7.98',0),
 (777,52,1991,3,'7.98',0),
 (778,52,1992,3,'6.96',0),
 (779,52,1993,3,'6.96',0),
 (780,52,1994,3,'6.96',0),
 (781,52,1995,4,'7.98',0),
 (782,52,1996,3,'6.96',0),
 (783,52,1997,5,'9.97',0),
 (784,53,1981,2,'5.97',0),
 (785,53,1982,2,'6.96',0),
 (786,53,1983,3,'7.98',0),
 (787,53,1984,2,'5.97',0),
 (788,53,1985,4,'8.97',0),
 (789,53,1986,4,'8.97',0),
 (790,53,1987,2,'5.97',0),
 (791,53,1988,2,'5.97',0),
 (792,53,1989,3,'6.96',0),
 (793,53,1990,3,'6.96',0),
 (794,53,1991,3,'6.96',0),
 (795,53,1992,3,'7.98',0),
 (796,53,1993,3,'7.98',0),
 (797,53,1994,3,'7.98',0),
 (798,53,1995,3,'6.96',0),
 (799,53,1996,3,'6.96',0),
 (800,53,1997,4,'7.98',0),
 (801,54,1981,3,'6.96',0),
 (802,54,1982,4,'7.98',0),
 (803,54,1983,4,'8.97',0),
 (804,54,1984,2,'5.97',0),
 (805,54,1985,5,'8.97',0),
 (806,54,1986,4,'8.97',0),
 (807,54,1987,2,'6.96',0),
 (808,54,1988,4,'7.98',0),
 (809,54,1989,4,'8.97',0),
 (810,54,1990,3,'7.98',0),
 (811,54,1991,3,'7.98',0),
 (812,54,1992,3,'6.96',0),
 (813,54,1993,3,'6.96',0),
 (814,54,1994,3,'7.98',0),
 (815,54,1995,3,'7.98',0),
 (816,54,1996,3,'6.96',0),
 (817,54,1997,5,'9.97',0),
 (818,55,1981,1,'4.00',0),
 (819,55,1982,5,'8.97',0),
 (820,55,1983,2,'5.97',0),
 (821,55,1984,1,'4.99',0),
 (822,55,1985,4,'7.98',0),
 (823,55,1986,3,'7.98',0),
 (824,55,1987,4,'8.97',0),
 (825,55,1988,4,'7.98',0),
 (826,55,1989,4,'8.97',0),
 (827,55,1990,4,'7.98',0),
 (828,55,1991,2,'5.97',0),
 (829,55,1992,3,'7.98',0),
 (830,55,1993,4,'7.98',0),
 (831,55,1994,4,'8.97',0),
 (832,55,1995,3,'6.96',0),
 (833,55,1996,3,'7.98',0),
 (834,55,1997,5,'9.97',0),
 (835,56,1981,2,'5.97',0),
 (836,56,1982,2,'5.97',0),
 (837,56,1983,4,'8.97',0),
 (838,56,1984,1,'4.00',0),
 (839,56,1985,4,'8.97',0),
 (840,56,1986,3,'7.98',0),
 (841,56,1987,2,'6.96',0),
 (842,56,1988,3,'7.98',0),
 (843,56,1989,3,'6.96',0),
 (844,56,1990,3,'6.96',0),
 (845,56,1991,3,'7.98',0),
 (846,56,1992,3,'6.96',0),
 (847,56,1993,3,'6.96',0),
 (848,56,1994,3,'7.98',0),
 (849,56,1995,4,'8.97',0),
 (850,56,1996,4,'7.98',0),
 (851,56,1997,3,'7.98',0),
 (852,57,1981,4,'7.98',0),
 (853,57,1982,3,'6.96',0),
 (854,57,1983,4,'7.98',0),
 (855,57,1984,2,'5.97',0),
 (856,57,1985,4,'7.98',0),
 (857,57,1986,5,'8.97',0),
 (858,57,1987,3,'6.96',0),
 (859,57,1988,3,'6.96',0),
 (860,57,1989,3,'6.96',0),
 (861,57,1990,4,'7.98',0),
 (862,57,1991,4,'8.97',0),
 (863,57,1992,4,'7.98',0),
 (864,57,1993,4,'7.98',0),
 (865,57,1994,4,'7.98',0),
 (866,57,1995,3,'6.96',0),
 (867,57,1996,3,'6.96',0),
 (868,57,1997,5,'9.97',0),
 (869,58,1981,5,'9.97',0),
 (870,58,1982,2,'4.99',0),
 (871,58,1983,5,'8.97',0),
 (872,58,1984,3,'6.96',0),
 (873,58,1985,5,'8.97',0),
 (874,58,1986,4,'7.98',0),
 (875,58,1987,2,'5.97',0),
 (876,58,1988,2,'4.99',0),
 (877,58,1989,3,'6.96',0),
 (878,58,1990,5,'8.97',0),
 (879,58,1991,3,'6.96',0),
 (880,58,1992,4,'8.97',0),
 (881,58,1993,5,'8.97',0),
 (882,58,1994,4,'7.98',0),
 (883,58,1995,3,'6.96',0),
 (884,58,1996,3,'5.97',0),
 (885,58,1997,5,'8.97',0),
 (886,59,1991,5,'9.97',0),
 (887,59,1992,3,'6.96',0),
 (888,59,1993,4,'8.97',0),
 (889,59,1994,3,'6.96',0),
 (890,59,1995,5,'8.97',0),
 (891,59,1996,4,'7.98',0),
 (892,60,1981,4,'7.98',0),
 (893,60,1982,3,'5.97',0),
 (894,60,1983,4,'7.98',0),
 (895,60,1984,2,'5.97',0),
 (896,60,1985,5,'8.97',0),
 (897,60,1986,5,'8.97',0),
 (898,60,1987,3,'5.97',0),
 (899,60,1988,3,'6.96',0),
 (900,60,1989,3,'6.96',0),
 (901,60,1990,4,'6.96',0),
 (902,60,1991,3,'6.96',0),
 (903,60,1992,5,'8.97',0),
 (904,60,1993,4,'7.98',0),
 (905,60,1994,4,'7.98',0),
 (906,60,1995,3,'5.97',0),
 (907,60,1996,3,'6.96',0),
 (908,60,1997,5,'8.97',0),
 (909,61,1981,3,'6.96',0),
 (910,61,1982,4,'7.98',0),
 (911,61,1983,3,'6.96',0),
 (912,61,1984,4,'8.97',0),
 (913,61,1985,2,'4.99',0),
 (914,61,1986,4,'7.98',0),
 (915,61,1987,5,'9.97',0),
 (916,61,1988,3,'5.97',0),
 (917,61,1989,4,'7.98',0),
 (918,61,1990,5,'8.97',0),
 (919,61,1991,3,'5.97',0),
 (920,61,1992,5,'8.97',0),
 (921,61,1993,5,'8.97',0),
 (922,61,1994,4,'7.98',0),
 (923,61,1995,3,'6.96',0),
 (924,61,1996,3,'6.96',0),
 (925,61,1997,5,'9.97',0),
 (926,63,1981,1,'4.00',0),
 (927,63,1982,3,'6.96',0),
 (928,63,1983,3,'6.96',0),
 (929,63,1984,3,'6.96',0),
 (930,63,1985,2,'4.99',0),
 (931,63,1986,3,'5.97',0),
 (932,63,1987,4,'7.98',0),
 (933,63,1988,1,'4.99',0),
 (934,63,1989,4,'7.98',0),
 (935,63,1990,5,'8.97',0),
 (936,63,1991,4,'7.98',0),
 (937,63,1992,3,'6.96',0),
 (938,63,1993,2,'4.99',0),
 (939,63,1994,3,'6.96',0),
 (940,63,1995,5,'8.97',0),
 (941,63,1996,4,'8.97',0),
 (942,64,1981,2,'4.99',0),
 (943,64,1982,2,'5.97',0),
 (944,64,1983,5,'8.97',0),
 (945,64,1984,2,'4.99',0),
 (946,64,1985,4,'7.98',0),
 (947,64,1986,3,'6.96',0),
 (948,64,1987,4,'7.98',0),
 (949,64,1988,2,'4.99',0),
 (950,64,1989,4,'7.98',0),
 (951,64,1990,3,'6.96',0),
 (952,64,1991,3,'6.96',0),
 (953,64,1992,3,'6.96',0),
 (954,64,1993,1,'4.00',0),
 (955,64,1994,4,'7.98',0),
 (956,64,1995,4,'7.98',0),
 (957,64,1996,3,'6.96',0),
 (958,65,1981,4,'7.98',0),
 (959,65,1982,4,'7.98',0),
 (960,65,1983,5,'8.97',0),
 (961,65,1984,5,'8.97',0),
 (962,65,1985,4,'6.96',0),
 (963,65,1986,4,'7.98',0),
 (964,65,1987,3,'6.96',0),
 (965,65,1988,2,'5.97',0),
 (966,65,1989,4,'7.98',0),
 (967,65,1990,3,'5.97',0),
 (968,65,1991,2,'5.97',0),
 (969,65,1994,2,'4.99',0),
 (970,65,1995,3,'6.96',0),
 (971,65,1996,3,'6.96',0),
 (972,66,1981,4,'7.98',0),
 (973,66,1982,4,'8.97',0),
 (974,66,1983,3,'6.96',0),
 (975,66,1984,4,'7.98',0),
 (976,66,1985,3,'6.96',0),
 (977,66,1986,5,'8.97',0),
 (978,66,1987,4,'7.98',0),
 (979,66,1988,3,'6.96',0),
 (980,66,1989,3,'6.96',0),
 (981,66,1990,3,'6.96',0),
 (982,66,1991,4,'7.98',0),
 (983,66,1994,3,'6.96',0),
 (984,66,1995,4,'7.98',0),
 (985,66,1996,3,'5.97',0),
 (986,67,1981,3,'6.96',0),
 (987,67,1982,3,'6.96',0),
 (988,67,1983,3,'6.96',0),
 (989,67,1984,4,'7.98',0),
 (990,67,1985,4,'7.98',0),
 (991,67,1986,2,'5.97',0),
 (992,67,1987,4,'7.98',0),
 (993,67,1988,2,'5.97',0),
 (994,67,1989,3,'6.96',0),
 (995,67,1990,3,'6.96',0),
 (996,67,1991,3,'6.96',0),
 (997,67,1992,3,'6.96',0),
 (998,67,1993,1,'4.99',0),
 (999,67,1994,2,'5.97',0),
 (1000,67,1995,2,'5.97',0),
 (1001,67,1996,4,'7.98',0),
 (1002,68,1994,4,'7.98',0),
 (1003,68,1995,4,'7.98',0),
 (1004,68,1996,3,'6.96',0),
 (1005,69,1994,3,'5.97',0),
 (1006,69,1995,4,'7.98',0),
 (1007,69,1996,3,'6.96',0),
 (1008,70,1981,4,'7.98',0),
 (1009,70,1982,5,'8.97',0),
 (1010,70,1983,5,'8.97',0),
 (1011,70,1984,3,'6.96',0),
 (1012,70,1985,3,'5.97',0),
 (1013,70,1986,3,'5.97',0),
 (1014,70,1987,3,'6.96',0),
 (1015,70,1988,3,'6.96',0),
 (1016,70,1989,3,'6.96',0),
 (1017,70,1990,4,'6.96',0),
 (1018,70,1991,5,'8.97',0),
 (1019,70,1992,3,'6.96',0),
 (1020,70,1993,3,'6.96',0),
 (1021,70,1994,4,'7.98',0),
 (1022,70,1995,3,'5.97',0),
 (1023,70,1996,4,'7.98',0),
 (1024,71,1981,3,'5.97',0),
 (1025,71,1982,3,'6.96',0),
 (1026,71,1983,2,'5.97',0),
 (1027,71,1984,2,'5.97',0),
 (1028,71,1985,3,'5.97',0),
 (1029,71,1986,2,'4.99',0),
 (1030,71,1987,4,'7.98',0),
 (1031,71,1988,3,'6.96',0),
 (1032,71,1989,4,'7.98',0),
 (1033,71,1990,4,'7.98',0),
 (1034,71,1991,3,'6.96',0),
 (1035,71,1992,3,'6.96',0),
 (1036,71,1993,3,'5.97',0),
 (1037,71,1994,3,'6.96',0),
 (1038,71,1995,3,'6.96',0),
 (1039,71,1996,3,'6.96',0),
 (1040,71,1997,3,'5.97',0),
 (1041,72,1981,4,'7.98',0),
 (1042,72,1982,5,'8.97',0),
 (1043,72,1983,3,'6.96',0),
 (1044,72,1984,3,'6.96',0),
 (1045,72,1985,3,'5.97',0),
 (1046,72,1986,3,'6.96',0),
 (1047,72,1987,3,'6.96',0),
 (1048,72,1988,3,'5.97',0),
 (1049,72,1989,4,'7.98',0),
 (1050,72,1990,3,'6.96',0),
 (1051,72,1991,3,'5.97',0),
 (1052,72,1992,4,'8.97',0),
 (1053,72,1993,3,'6.96',0),
 (1054,72,1994,4,'7.98',0),
 (1055,72,1995,3,'6.96',0),
 (1056,72,1996,5,'8.97',0),
 (1057,73,1981,2,'5.97',0),
 (1058,73,1982,4,'8.97',0),
 (1059,73,1983,4,'7.98',0),
 (1060,73,1984,3,'6.96',0),
 (1061,73,1985,4,'7.98',0),
 (1062,73,1986,4,'7.98',0),
 (1063,73,1987,4,'7.98',0),
 (1064,73,1988,3,'6.96',0),
 (1065,73,1989,3,'6.96',0),
 (1066,73,1990,3,'5.97',0),
 (1067,73,1991,4,'7.98',0),
 (1068,73,1992,3,'6.96',0),
 (1069,73,1993,2,'5.97',0),
 (1070,73,1994,4,'8.97',0),
 (1071,73,1995,3,'5.97',0),
 (1072,73,1996,5,'9.97',0),
 (1073,74,1981,5,'8.97',0),
 (1074,74,1982,4,'7.98',0),
 (1075,74,1983,2,'5.97',0),
 (1076,74,1984,3,'6.96',0),
 (1077,74,1985,4,'7.98',0),
 (1078,74,1986,3,'6.96',0),
 (1079,74,1987,3,'6.96',0),
 (1080,74,1988,3,'6.96',0),
 (1081,74,1989,4,'8.97',0),
 (1082,74,1990,3,'6.96',0),
 (1083,74,1991,4,'7.98',0),
 (1084,74,1992,4,'7.98',0),
 (1085,74,1993,2,'4.99',0),
 (1086,74,1994,4,'7.98',0),
 (1087,74,1995,3,'6.96',0),
 (1088,74,1996,3,'6.96',0),
 (1089,75,1981,5,'8.97',0),
 (1090,75,1982,3,'5.97',0),
 (1091,75,1983,3,'6.96',0),
 (1092,75,1984,3,'5.97',0),
 (1093,75,1985,5,'8.97',0),
 (1094,75,1986,2,'4.99',0),
 (1095,75,1987,4,'6.96',0),
 (1096,75,1988,4,'6.96',0),
 (1097,75,1989,4,'6.96',0),
 (1098,75,1990,4,'6.96',0),
 (1099,75,1991,4,'6.96',0),
 (1100,75,1992,4,'6.96',0),
 (1101,75,1993,3,'6.96',0),
 (1102,75,1994,4,'6.96',0),
 (1103,75,1995,3,'6.96',0),
 (1104,75,1996,3,'5.97',0),
 (1105,76,1981,5,'8.97',0),
 (1106,76,1982,2,'4.99',0),
 (1107,76,1983,3,'6.96',0),
 (1108,76,1984,3,'5.97',0),
 (1109,76,1985,4,'7.98',0),
 (1110,76,1986,2,'5.97',0),
 (1111,76,1987,4,'8.97',0),
 (1112,76,1988,3,'6.96',0),
 (1113,76,1989,4,'7.98',0),
 (1114,76,1990,4,'7.98',0),
 (1115,76,1991,4,'7.98',0),
 (1116,76,1992,3,'6.96',0),
 (1117,76,1993,3,'5.97',0),
 (1118,76,1994,4,'7.98',0),
 (1119,76,1995,3,'5.97',0),
 (1120,76,1996,5,'8.97',0),
 (1121,77,1981,3,'5.97',0),
 (1122,77,1982,4,'7.98',0),
 (1123,77,1983,3,'6.96',0),
 (1124,77,1984,4,'7.98',0),
 (1125,77,1985,3,'6.96',0),
 (1126,77,1986,3,'6.96',0),
 (1127,77,1987,3,'6.96',0),
 (1128,77,1988,3,'6.96',0),
 (1129,77,1989,4,'7.98',0),
 (1130,77,1990,4,'7.98',0),
 (1131,77,1991,3,'6.96',0),
 (1132,77,1992,4,'7.98',0),
 (1133,77,1993,2,'5.97',0),
 (1134,77,1994,4,'7.98',0),
 (1135,77,1995,3,'6.96',0),
 (1136,77,1996,4,'7.98',0),
 (1137,77,1997,3,'5.97',0),
 (1138,78,1981,3,'5.97',0),
 (1139,78,1982,5,'8.97',0),
 (1140,78,1983,3,'6.96',0),
 (1141,78,1984,5,'8.97',0),
 (1142,78,1985,3,'6.96',0),
 (1143,78,1986,3,'6.96',0),
 (1144,78,1987,3,'5.97',0),
 (1145,78,1990,3,'5.97',0),
 (1146,78,1991,3,'6.96',0),
 (1147,78,1992,3,'6.96',0),
 (1148,78,1993,3,'6.96',0),
 (1149,78,1994,3,'6.96',0),
 (1150,78,1995,3,'6.96',0),
 (1151,78,1996,3,'6.96',0),
 (1152,79,1981,5,'9.97',0),
 (1153,79,1982,5,'9.97',0),
 (1154,79,1983,4,'7.98',0),
 (1155,79,1984,4,'8.97',0),
 (1156,79,1985,3,'6.96',0),
 (1157,79,1986,3,'6.96',0),
 (1158,79,1987,3,'6.96',0),
 (1159,79,1988,4,'7.98',0),
 (1160,79,1989,5,'8.97',0),
 (1161,79,1990,3,'6.96',0),
 (1162,79,1991,3,'6.96',0),
 (1163,79,1992,3,'5.97',0),
 (1164,79,1993,2,'5.97',0),
 (1165,79,1994,4,'7.98',0),
 (1166,79,1995,3,'6.96',0),
 (1167,79,1996,4,'7.98',0),
 (1168,80,1981,4,'7.98',0),
 (1169,80,1982,4,'7.98',0),
 (1170,80,1983,3,'6.96',0),
 (1171,80,1984,4,'7.98',0),
 (1172,80,1985,4,'6.96',0),
 (1173,80,1986,2,'4.99',0),
 (1174,80,1987,2,'4.99',0),
 (1175,80,1988,4,'7.98',0),
 (1176,80,1989,4,'7.98',0),
 (1177,80,1990,3,'5.97',0),
 (1178,80,1991,4,'7.98',0),
 (1179,80,1992,3,'6.96',0),
 (1180,80,1993,2,'5.97',0),
 (1181,80,1994,5,'8.97',0),
 (1182,80,1995,3,'5.97',0),
 (1183,80,1996,5,'8.97',0),
 (1184,81,1981,3,'6.96',0),
 (1185,81,1982,3,'6.96',0),
 (1186,81,1983,3,'6.96',0),
 (1187,81,1984,3,'6.96',0),
 (1188,81,1985,4,'7.98',0),
 (1189,81,1986,3,'6.96',0),
 (1190,81,1987,3,'6.96',0),
 (1191,81,1988,3,'6.96',0),
 (1192,81,1989,4,'7.98',0),
 (1193,81,1990,3,'6.96',0),
 (1194,81,1991,3,'6.96',0),
 (1195,81,1992,4,'7.98',0),
 (1196,81,1993,2,'4.99',0),
 (1197,81,1994,4,'7.98',0),
 (1198,81,1995,3,'6.96',0),
 (1199,81,1996,5,'8.97',0),
 (1200,82,1981,5,'8.97',0),
 (1201,82,1982,4,'8.97',0),
 (1202,82,1983,4,'7.98',0),
 (1203,82,1984,2,'5.97',0),
 (1204,82,1985,4,'7.98',0),
 (1205,82,1986,4,'7.98',0),
 (1206,82,1987,3,'5.97',0),
 (1207,82,1988,3,'6.96',0),
 (1208,82,1989,5,'9.97',0),
 (1209,82,1990,4,'7.98',0),
 (1210,82,1991,4,'8.97',0),
 (1211,82,1992,3,'6.96',0),
 (1212,82,1993,2,'4.99',0),
 (1213,82,1994,5,'9.97',0),
 (1214,82,1995,3,'6.96',0),
 (1215,82,1996,4,'7.98',0),
 (1216,83,1981,4,'8.97',0),
 (1217,83,1982,5,'8.97',0),
 (1218,83,1983,3,'6.96',0),
 (1219,83,1984,2,'5.97',0),
 (1220,83,1985,3,'6.96',0),
 (1221,83,1986,3,'6.96',0),
 (1222,83,1987,4,'7.98',0),
 (1223,83,1988,3,'6.96',0),
 (1224,83,1989,5,'9.97',0),
 (1225,83,1990,3,'5.97',0),
 (1226,83,1991,4,'7.98',0),
 (1227,83,1992,3,'5.97',0),
 (1228,83,1993,2,'5.97',0),
 (1229,83,1994,5,'8.97',0),
 (1230,83,1995,3,'5.97',0),
 (1231,83,1996,4,'7.98',0),
 (1232,83,1997,4,'7.98',0),
 (1233,84,1981,4,'7.98',0),
 (1234,84,1982,4,'7.98',0),
 (1235,84,1983,3,'6.96',0),
 (1236,84,1984,3,'6.96',0),
 (1237,84,1985,3,'6.96',0),
 (1238,84,1986,2,'5.97',0),
 (1239,84,1987,4,'7.98',0),
 (1240,84,1988,3,'6.96',0),
 (1241,84,1989,3,'6.96',0),
 (1242,84,1990,3,'6.96',0),
 (1243,84,1991,3,'6.96',0),
 (1244,84,1992,3,'6.96',0),
 (1245,84,1993,2,'5.97',0),
 (1246,84,1994,4,'7.98',0),
 (1247,84,1995,3,'6.96',0),
 (1248,84,1996,5,'8.97',0),
 (1249,85,1987,3,'6.96',0),
 (1250,85,1988,3,'6.96',0),
 (1251,85,1990,3,'5.97',0),
 (1252,85,1991,4,'7.98',0),
 (1253,85,1992,4,'7.98',0),
 (1254,85,1993,2,'4.99',0),
 (1255,85,1994,4,'7.98',0),
 (1256,85,1995,3,'6.96',0),
 (1257,85,1996,5,'8.97',0),
 (1258,85,1997,4,'7.98',0),
 (1259,86,1981,5,'8.97',0),
 (1260,86,1982,3,'5.97',0),
 (1261,86,1983,3,'6.96',0),
 (1262,86,1984,4,'8.97',0),
 (1263,86,1985,3,'6.96',0),
 (1264,86,1986,3,'6.96',0),
 (1265,86,1987,3,'6.96',0),
 (1266,86,1989,4,'7.98',0),
 (1267,86,1990,3,'6.96',0),
 (1268,86,1991,3,'6.96',0),
 (1269,86,1992,3,'6.96',0),
 (1270,86,1993,2,'5.97',0),
 (1271,86,1994,4,'7.98',0),
 (1272,86,1995,3,'5.97',0),
 (1273,86,1996,5,'8.97',0),
 (1274,87,1987,3,'5.97',0),
 (1275,87,1988,3,'6.96',0),
 (1276,87,1989,4,'7.98',0),
 (1277,87,1990,3,'6.96',0),
 (1278,87,1991,5,'9.97',0),
 (1279,87,1992,3,'6.96',0),
 (1280,87,1993,2,'5.97',0),
 (1281,87,1994,5,'9.97',0),
 (1282,87,1995,3,'6.96',0),
 (1283,87,1996,5,'8.97',0),
 (1284,88,1981,4,'7.98',0),
 (1285,88,1982,4,'7.98',0),
 (1286,88,1983,4,'7.98',0),
 (1287,88,1984,3,'6.96',0),
 (1288,88,1985,3,'6.96',0),
 (1289,88,1986,2,'5.97',0),
 (1290,88,1987,4,'7.98',0),
 (1291,88,1988,3,'6.96',0),
 (1292,88,1989,4,'7.98',0),
 (1293,88,1990,3,'5.97',0),
 (1294,88,1991,3,'6.96',0),
 (1295,88,1992,4,'7.98',0),
 (1296,88,1993,3,'5.97',0),
 (1297,88,1994,4,'7.98',0),
 (1298,88,1995,3,'6.96',0),
 (1299,88,1996,4,'8.97',0),
 (1300,88,1997,3,'5.97',0),
 (1301,89,1981,5,'9.97',0),
 (1302,89,1982,3,'6.96',0),
 (1303,89,1983,4,'8.97',0),
 (1304,89,1984,5,'8.97',0),
 (1305,89,1985,2,'5.97',0),
 (1306,89,1986,3,'6.96',0),
 (1307,89,1987,4,'7.98',0),
 (1308,89,1988,4,'7.98',0),
 (1309,89,1989,4,'7.98',0),
 (1310,89,1990,4,'7.98',0),
 (1311,89,1991,4,'8.97',0),
 (1312,89,1992,3,'6.96',0),
 (1313,89,1993,3,'6.96',0),
 (1314,89,1994,3,'6.96',0),
 (1315,89,1995,3,'6.96',0),
 (1316,89,1996,4,'7.98',0),
 (1317,89,1997,3,'6.96',0),
 (1318,90,1981,4,'7.98',0),
 (1319,90,1982,3,'6.96',0),
 (1320,90,1983,4,'7.98',0),
 (1321,90,1984,3,'6.96',0),
 (1322,90,1985,3,'5.97',0),
 (1323,90,1986,3,'6.96',0),
 (1324,90,1987,4,'7.98',0),
 (1325,90,1988,5,'8.97',0),
 (1326,90,1989,4,'7.98',0),
 (1327,90,1990,3,'5.97',0),
 (1328,90,1991,3,'6.96',0),
 (1329,90,1992,3,'6.96',0),
 (1330,90,1993,3,'5.97',0),
 (1331,90,1994,4,'7.98',0),
 (1332,90,1995,3,'5.97',0),
 (1333,90,1996,4,'7.98',0),
 (1334,90,1997,3,'6.96',0),
 (1335,91,1981,2,'5.97',0),
 (1336,91,1982,3,'6.96',0),
 (1337,91,1983,4,'7.98',0),
 (1338,91,1984,3,'6.96',0),
 (1339,91,1985,4,'7.98',0),
 (1340,91,1986,3,'6.96',0),
 (1341,91,1987,3,'5.97',0),
 (1342,91,1988,3,'6.96',0),
 (1343,91,1990,3,'6.96',0),
 (1344,91,1991,3,'6.96',0),
 (1345,91,1992,3,'6.96',0),
 (1346,91,1993,3,'6.96',0),
 (1347,91,1994,4,'7.98',0),
 (1348,91,1995,3,'6.96',0),
 (1349,91,1996,5,'8.97',0),
 (1350,92,1994,3,'7.98',0),
 (1351,92,1995,3,'6.96',0),
 (1352,92,1996,3,'7.98',0),
 (1353,92,1997,4,'8.97',0),
 (1354,93,1981,1,'4.99',0),
 (1355,93,1982,4,'7.98',0),
 (1356,93,1983,3,'6.96',0),
 (1357,93,1984,4,'8.97',0),
 (1358,93,1985,3,'6.96',0),
 (1359,93,1986,4,'8.97',0),
 (1360,93,1987,4,'7.98',0),
 (1361,93,1988,3,'6.96',0),
 (1362,93,1989,4,'7.98',0),
 (1363,93,1990,3,'6.96',0),
 (1364,93,1991,4,'7.98',0),
 (1365,93,1992,4,'8.97',0),
 (1366,93,1993,3,'7.98',0),
 (1367,93,1994,4,'8.97',0),
 (1368,93,1995,5,'9.97',0),
 (1369,93,1996,3,'7.98',0),
 (1370,93,1997,5,'8.97',0),
 (1371,94,1981,3,'7.98',0),
 (1372,94,1982,4,'8.97',0),
 (1373,94,1983,3,'6.96',0),
 (1374,94,1984,4,'8.97',0),
 (1375,94,1985,3,'6.96',0),
 (1376,94,1986,4,'8.97',0),
 (1377,94,1987,4,'7.98',0),
 (1378,94,1988,3,'6.96',0),
 (1379,94,1989,4,'7.98',0),
 (1380,94,1990,3,'7.98',0),
 (1381,94,1991,5,'7.98',0),
 (1382,94,1992,4,'8.97',0),
 (1383,94,1993,3,'6.96',0),
 (1384,94,1994,5,'8.97',0),
 (1385,94,1995,5,'8.97',0),
 (1386,94,1996,3,'6.96',0),
 (1387,94,1997,4,'8.97',0),
 (1388,95,1995,4,'7.98',0),
 (1389,95,1996,3,'6.96',0),
 (1390,95,1997,5,'8.97',0),
 (1391,96,1981,3,'7.98',0),
 (1392,96,1982,4,'8.97',0),
 (1393,96,1983,3,'6.96',0),
 (1394,96,1984,4,'7.98',0),
 (1395,96,1985,3,'7.98',0),
 (1396,96,1986,4,'8.97',0),
 (1397,96,1987,4,'7.98',0),
 (1398,96,1988,3,'7.98',0),
 (1399,96,1989,5,'8.97',0),
 (1400,96,1990,4,'7.98',0),
 (1401,96,1991,4,'8.97',0),
 (1402,96,1992,4,'8.97',0),
 (1403,96,1993,3,'7.98',0),
 (1404,96,1994,4,'8.97',0),
 (1405,96,1995,4,'8.97',0),
 (1406,96,1996,4,'7.98',0),
 (1407,96,1997,3,'7.98',0),
 (1408,97,1996,2,'5.97',0),
 (1409,97,1997,4,'8.97',0);


DROP TABLE IF EXISTS bestelbonnen;
CREATE TABLE bestelbonnen (
  id int unsigned NOT NULL AUTO_INCREMENT,
  besteld datetime NOT NULL,
  naam varchar(50) NOT NULL,
  straat varchar(50) NOT NULL,
  huisNr varchar(50) DEFAULT NULL,
  postCode varchar(50) NOT NULL,
  gemeente varchar(50) NOT NULL,
  bestelwijze smallint unsigned NOT NULL,
  versie int unsigned not null default 0,
  PRIMARY KEY (id) USING BTREE
) ENGINE=InnoDB AUTO_INCREMENT=4 DEFAULT CHARSET=latin1;


DROP TABLE IF EXISTS bestelbonlijnen;
CREATE TABLE bestelbonlijnen (
  bonid int unsigned NOT NULL,
  wijnid int unsigned NOT NULL,
  aantal int unsigned NOT NULL,
  prijs decimal(9,2) NOT NULL,
  KEY FK_bestelbonlijnen_bestelbonnen(bonid) USING BTREE,
  KEY FK_bestelbonlijnen_wijnen(wijnid) USING BTREE,
  CONSTRAINT FK_bestelbonlijnen_wijnen FOREIGN KEY (wijnid) REFERENCES wijnen(id),
  CONSTRAINT FK_bestelbonlijnen_bestelbonnen FOREIGN KEY(bonid) REFERENCES bestelbonnen(id)
) ENGINE=InnoDB DEFAULT CHARSET=latin1;

grant all on wereldwijnen.* to 'cursist'@'localhost' identified by 'cursist';